station_code,station,line_name,C/A,unit,GTFS_stop_id,station_name,station_id,lat,long
A002R051,59 ST,NQR456W,A002,R051,R11,Lexington Av/59 St,7,40.76266,-73.967258
A006R079,5 AV/59 ST,NQRW,A006,R079,R13,5 Av/59 St,8,40.764811,-73.973347
A007R079,5 AV/59 ST,NQRW,A007,R079,R13,5 Av/59 St,8,40.764811,-73.973347
A010R080,57 ST-7 AV,NQRW,A010,R080,R14,57 St - 7 Av,9,40.764664,-73.980658
A011R080,57 ST-7 AV,NQRW,A011,R080,R14,57 St - 7 Av,9,40.764664,-73.980658
A013R081,49 ST,NQRW,A013,R081,R15,49 St,10,40.759901,-73.984139
A014R081,49 ST,NQRW,A014,R081,R15,49 St,10,40.759901,-73.984139
A015R081,49 ST,NQRW,A015,R081,R15,49 St,10,40.759901,-73.984139
A016R081,49 ST,NQRW,A016,R081,R15,49 St,10,40.759901,-73.984139
A021R032,TIMES SQ-42 ST,ACENQRS1237W,A021,R032,R16,Times Sq - 42 St,11,40.754672,-73.986754
A022R022,34 ST-HERALD SQ,BDFMNQRW,A022,R022,D17,34 St - Herald Sq,227,40.749719,-73.987823
A025R023,34 ST-HERALD SQ,BDFMNQRW,A025,R023,D17,34 St - Herald Sq,227,40.749719,-73.987823
A027R082,28 ST,NRW,A027,R082,R18,28 St,13,40.745494,-73.988691
A029R082,28 ST,NRW,A029,R082,R18,28 St,13,40.745494,-73.988691
A030R083,23 ST,NRW,A030,R083,R19,23 St,14,40.741303,-73.989344
A031R083,23 ST,NRW,A031,R083,R19,23 St,14,40.741303,-73.989344
A033R170,14 ST-UNION SQ,LNQR456W,A033,R170,L03,Union Sq - 14 St,117,40.734789,-73.99073
A034R170,14 ST-UNION SQ,LNQR456W,A034,R170,L03,Union Sq - 14 St,117,40.734789,-73.99073
A035R170,14 ST-UNION SQ,LNQR456W,A035,R170,L03,Union Sq - 14 St,117,40.734789,-73.99073
A037R170,14 ST-UNION SQ,LNQR456W,A037,R170,L03,Union Sq - 14 St,117,40.734789,-73.99073
A038R085,8 ST-NYU,NRW,A038,R085,R21,8 St - NYU,16,40.730328,-73.992629
A039R085,8 ST-NYU,NRW,A039,R085,R21,8 St - NYU,16,40.730328,-73.992629
A041R086,PRINCE ST,NRW,A041,R086,R22,Prince St,17,40.724329,-73.997702
A042R086,PRINCE ST,NRW,A042,R086,R22,Prince St,17,40.724329,-73.997702
A043R462,CANAL ST,JNQRZ6W,A043,R462,Q01,Canal St,19,40.718383,-74.00046
A046R463,CANAL ST,JNQRZ6W,A046,R463,Q01,Canal St,19,40.718383,-74.00046
A047R087,CITY HALL,NRW,A047,R087,R24,City Hall,20,40.713282,-74.006978
A049R088,CORTLANDT ST,RNW,A049,R088,R25,Cortlandt St,21,40.710668,-74.011029
A050R088,CORTLANDT ST,RNW,A050,R088,R25,Cortlandt St,21,40.710668,-74.011029
A052R088,CORTLANDT ST,RNW,A052,R088,R25,Cortlandt St,21,40.710668,-74.011029
A053R088,CORTLANDT ST,RNW,A053,R088,R25,Cortlandt St,21,40.710668,-74.011029
A054R227,RECTOR ST,NRW,A054,R227,R26,Rector St,22,40.70722,-74.013342
A055R227,RECTOR ST,NRW,A055,R227,R26,Rector St,22,40.70722,-74.013342
A058R001,WHITEHALL S-FRY,R1W,A058,R001,R27,Whitehall St,23,40.703087,-74.012994
A060R001,WHITEHALL S-FRY,R1W,A060,R001,R27,Whitehall St,23,40.703087,-74.012994
A061R142,DELANCEY/ESSEX,FJMZ,A061,R142,F15,Delancey St,233,40.718611,-73.988114
A064R311,BOWERY,JZ,A064,R311,M19,Bowery,103,40.72028,-73.993915
A066R118,CANAL ST,JNQRZ6W,A066,R118,Q01,Canal St,19,40.718383,-74.00046
A069R044,CHAMBERS ST,JZ456,A069,R044,M21,Chambers St,105,40.713243,-74.003401
A071R044,CHAMBERS ST,JZ456,A071,R044,M21,Chambers St,105,40.713243,-74.003401
A077R028,FULTON ST,ACJZ2345,A077,R028,A38,Fulton St,172,40.710197,-74.007691
A081R028,FULTON ST,ACJZ2345,A081,R028,A38,Fulton St,172,40.710197,-74.007691
A082R028,FULTON ST,ACJZ2345,A082,R028,A38,Fulton St,172,40.710197,-74.007691
A083R125,BROAD ST,JZ,A083,R125,M23,Broad St,107,40.706476,-74.011056
A084R125,BROAD ST,JZ,A084,R125,M23,Broad St,107,40.706476,-74.011056
A085R125,BROAD ST,JZ,A085,R125,M23,Broad St,107,40.706476,-74.011056
B004R171,7 AV,BQ,B004,R171,D25,7 Av,41,40.67705,-73.972367
B009R411,PARK PLACE,S,B009,R411,S03,Park Pl,141,40.674772,-73.957624
B010R412,BOTANIC GARDEN,S2345,B010,R412,S04,Botanic Garden,142,40.670343,-73.959245
B012R196,PROSPECT PARK,BQS,B012,R196,D26,Prospect Park,42,40.661614,-73.962246
B013R196,PROSPECT PARK,BQS,B013,R196,D26,Prospect Park,42,40.661614,-73.962246
B014R148,PARKSIDE AV,BQ,B014,R148,D27,Parkside Av,43,40.655292,-73.961495
B015R098,CHURCH AV,BQ,B015,R098,D28,Church Av,44,40.650527,-73.962982
B016R098,CHURCH AV,BQ,B016,R098,D28,Church Av,44,40.650527,-73.962982
B017R262,BEVERLEY ROAD,BQ,B017,R262,D29,Beverley Rd,45,40.644031,-73.964492
B018R184,CORTELYOU RD,BQ,B018,R184,D30,Cortelyou Rd,46,40.640927,-73.963891
B019R149,NEWKIRK PLAZA,BQ,B019,R149,D31,Newkirk Plaza,47,40.635082,-73.962793
B020R263,AVENUE H,BQ,B020,R263,D32,Avenue H,48,40.62927,-73.961639
B021R228,AVENUE J,BQ,B021,R228,D33,Avenue J,49,40.625039,-73.960803
B022R229,AVENUE M,BQ,B022,R229,D34,Avenue M,50,40.617618,-73.959399
B023R211,KINGS HWY,BQ,B023,R211,D35,Kings Hwy,51,40.60867,-73.957734
B024AR211,KINGS HWY,BQ,B024A,R211,D35,Kings Hwy,51,40.60867,-73.957734
B024R211,KINGS HWY,BQ,B024,R211,D35,Kings Hwy,51,40.60867,-73.957734
B025R150,AVENUE U,BQ,B025,R150,D37,Avenue U,52,40.5993,-73.955929
B026R230,NECK RD,BQ,B026,R230,D38,Neck Rd,53,40.595246,-73.955161
B027R136,SHEEPSHEAD BAY,BQ,B027,R136,D39,Sheepshead Bay,54,40.586896,-73.954155
B028R136,SHEEPSHEAD BAY,BQ,B028,R136,D39,Sheepshead Bay,54,40.586896,-73.954155
B029R172,BRIGHTON BEACH,BQ,B029,R172,D40,Brighton Beach,55,40.577621,-73.961376
B031R172,BRIGHTON BEACH,BQ,B031,R172,D40,Brighton Beach,55,40.577621,-73.961376
B032R264,OCEAN PKWY,Q,B032,R264,D41,Ocean Pkwy,56,40.576312,-73.968501
B034R264,OCEAN PKWY,Q,B034,R264,D41,Ocean Pkwy,56,40.576312,-73.968501
C001R108,BOROUGH HALL,R2345,C001,R108,423,Borough Hall,415,40.692404,-73.990151
C003R089,JAY ST-METROTEC,R,C003,R089,R29,Jay St - MetroTech,25,40.69218,-73.985942
C004R089,JAY ST-METROTEC,R,C004,R089,R29,Jay St - MetroTech,25,40.69218,-73.985942
C008R099,DEKALB AV,BDNQR,C008,R099,R30,DeKalb Av,26,40.690635,-73.981824
C009R057,ATL AV-BARCLAY,BDNQR2345,C009,R057,D24,Atlantic Av - Barclays Ctr,40,40.68446,-73.97689
C010R231,UNION ST,R,C010,R231,R32,Union St,28,40.677316,-73.98311
C011R231,UNION ST,R,C011,R231,R32,Union St,28,40.677316,-73.98311
C012R258,4AV-9 ST,DFGMNR,C012,R258,R33,9 St,29,40.670847,-73.988302
C014R246,PROSPECT AV,R,C014,R246,R34,Prospect Av,30,40.665414,-73.992872
C015R246,PROSPECT AV,R,C015,R246,R34,Prospect Av,30,40.665414,-73.992872
C016R278,25 ST,R,C016,R278,R35,25 St,31,40.660397,-73.998091
C017R455,25 ST,R,C017,R455,R35,25 St,31,40.660397,-73.998091
C018R197,36 ST,DNR,C018,R197,R36,36 St,32,40.655144,-74.003549
C019R232,45 ST,R,C019,R232,R39,45 St,33,40.648939,-74.010006
C020R233,53 ST,R,C020,R233,R40,53 St,34,40.645069,-74.014034
C021R212,59 ST,NRW,C021,R212,R41,59 St,35,40.641362,-74.017881
C022R212,59 ST,NRW,C022,R212,R41,59 St,35,40.641362,-74.017881
C023R213,BAY RIDGE AV,R,C023,R213,R42,Bay Ridge Av,36,40.634967,-74.023377
C024R214,77 ST,R,C024,R214,R43,77 St,37,40.629742,-74.02551
C025R215,86 ST,R,C025,R215,R44,86 St,38,40.622687,-74.028398
C026R215,86 ST,R,C026,R215,R44,86 St,38,40.622687,-74.028398
C027R216,BAY RIDGE-95 ST,R,C027,R216,R45,Bay Ridge - 95 St,39,40.616622,-74.030876
C028R216,BAY RIDGE-95 ST,R,C028,R216,R45,Bay Ridge - 95 St,39,40.616622,-74.030876
D001R390,8 AV,N,D001,R390,N02,8 Av,71,40.635064,-74.011719
D002R390,8 AV,N,D002,R390,N02,8 Av,71,40.635064,-74.011719
D003R391,FT HAMILTON PKY,N,D003,R391,N03,Fort Hamilton Pkwy,72,40.631386,-74.005351
D004R391,FT HAMILTON PKY,N,D004,R391,N03,Fort Hamilton Pkwy,72,40.631386,-74.005351
D005R398,NEW UTRECHT AV,ND,D005,R398,N04,New Utrecht Av,73,40.624842,-73.996353
D006R398,NEW UTRECHT AV,ND,D006,R398,N04,New Utrecht Av,73,40.624842,-73.996353
D008R392,18 AV,N,D008,R392,N05,18 Av,74,40.620671,-73.990414
D009R393,20 AV,N,D009,R393,N06,20 Av,75,40.61741,-73.985026
D010R394,BAY PKWY,N,D010,R394,N07,Bay Pkwy,76,40.611815,-73.981848
D011R394,BAY PKWY,N,D011,R394,N07,Bay Pkwy,76,40.611815,-73.981848
D012R395,KINGS HWY,N,D012,R395,N08,Kings Hwy,77,40.603923,-73.980353
D015R396,AVENUE U,N,D015,R396,N09,Avenue U,78,40.597473,-73.979137
D016R397,86 ST,N,D016,R397,N10,86 St,79,40.592721,-73.97823
E001R368,9 AV,D,E001,R368,B12,9 Av,59,40.646292,-73.994324
E003R369,FT HAMILTON PKY,D,E003,R369,B13,Fort Hamilton Pkwy,60,40.640914,-73.994304
E004R234,50 ST,D,E004,R234,B14,50 St,61,40.63626,-73.994791
E005R247,55 ST,D,E005,R247,B15,55 St,62,40.631435,-73.995476
E009R370,71 ST,D,E009,R370,B17,71 St,64,40.619589,-73.998864
E011R371,79 ST,D,E011,R371,B18,79 St,65,40.613501,-74.00061
E012R372,18 AV,D,E012,R372,B19,18 Av,66,40.607954,-74.001736
E013R373,20 AV,D,E013,R373,B20,20 Av,67,40.604556,-73.998168
E014R374,BAY PKWY,D,E014,R374,B21,Bay Pkwy,68,40.601875,-73.993728
E015R399,25 AV,D,E015,R399,B22,25 Av,69,40.597704,-73.986829
E016R400,BAY 50 ST,D,E016,R400,B23,Bay 50 St,70,40.588841,-73.983765
G001R151,CONEY IS-STILLW,DFNQ,G001,R151,D43,Coney Island - Stillwell Av,58,40.577422,-73.981233
G009R151,CONEY IS-STILLW,DFNQ,G009,R151,D43,Coney Island - Stillwell Av,58,40.577422,-73.981233
G011R312,W 8 ST-AQUARIUM,FQ,G011,R312,D42,W 8 St - NY Aquarium,57,40.576127,-73.975939
G015R312,W 8 ST-AQUARIUM,FQ,G015,R312,D42,W 8 St - NY Aquarium,57,40.576127,-73.975939
H001R175,8 AV,ACEL,H001,R175,L01,8 Av,115,40.739777,-74.002578
H003R163,6 AV,FLM123,H003,R163,L02,6 Av,116,40.737335,-73.996786
H005R330,3 AV,L,H005,R330,L05,3 Av,118,40.732849,-73.986122
H006R330,3 AV,L,H006,R330,L05,3 Av,118,40.732849,-73.986122
H007AR248,1 AV,L,H007A,R248,L06,1 Av,119,40.730953,-73.981628
H007R248,1 AV,L,H007,R248,L06,1 Av,119,40.730953,-73.981628
H008R248,1 AV,L,H008,R248,L06,1 Av,119,40.730953,-73.981628
H009R235,BEDFORD AV,L,H009,R235,L08,Bedford Av,120,40.717304,-73.956872
H012R268,LORIMER ST,LG,H012,R268,L10,Lorimer St,121,40.714063,-73.950275
H013R249,GRAHAM AV,L,H013,R249,L11,Graham Av,122,40.714565,-73.944053
H014R249,GRAHAM AV,L,H014,R249,L11,Graham Av,122,40.714565,-73.944053
H015R250,GRAND ST,L,H015,R250,L12,Grand St,123,40.711926,-73.94067
H016R250,GRAND ST,L,H016,R250,L12,Grand St,123,40.711926,-73.94067
H017R265,MONTROSE AV,L,H017,R265,L13,Montrose Av,124,40.707739,-73.93985
H019R294,MORGAN AV,L,H019,R294,L14,Morgan Av,125,40.706152,-73.933147
H022R279,JEFFERSON ST,L,H022,R279,L15,Jefferson St,126,40.706607,-73.922913
H023R236,DEKALB AV,L,H023,R236,L16,DeKalb Av,127,40.703811,-73.918425
H026R137,MYRTLE-WYCKOFF,LM,H026,R137,L17,Myrtle - Wyckoff Avs,128,40.699814,-73.911586
H027R137,MYRTLE-WYCKOFF,LM,H027,R137,L17,Myrtle - Wyckoff Avs,128,40.699814,-73.911586
H028R266,HALSEY ST,L,H028,R266,L19,Halsey St,129,40.695602,-73.904084
H030R266,HALSEY ST,L,H030,R266,L19,Halsey St,129,40.695602,-73.904084
H032R295,WILSON AV,L,H032,R295,L20,Wilson Av,130,40.688764,-73.904046
H033R313,BUSHWICK AV,L,H033,R313,L21,Bushwick Av - Aberdeen St,131,40.682829,-73.905249
H035R348,ATLANTIC AV,L,H035,R348,L24,Atlantic Av,133,40.675345,-73.903097
H037R349,SUTTER AV,L,H037,R349,L25,Sutter Av,134,40.669367,-73.901975
H038R350,LIVONIA AV,L,H038,R350,L26,Livonia Av,135,40.664038,-73.900571
H039R375,NEW LOTS,L,H039,R375,L27,New Lots Av,136,40.658733,-73.899232
H040R376,EAST 105 ST,L,H040,R376,L28,E 105 St,137,40.650573,-73.899485
H041R152,CANARSIE-ROCKAW,L,H041,R152,L29,Canarsie - Rockaway Pkwy,138,40.646654,-73.90185
J001R460,MARCY AV,JMZ,J001,R460,M16,Marcy Av,101,40.708359,-73.957757
J002R460,MARCY AV,JMZ,J002,R460,M16,Marcy Av,101,40.708359,-73.957757
J003R352,HEWES ST,JM,J003,R352,M14,Hewes St,100,40.70687,-73.953431
J005R353,LORIMER ST,JM,J005,R353,M13,Lorimer St,99,40.703869,-73.947408
J007R377,FLUSHING AV,JM,J007,R377,M12,Flushing Av,98,40.70026,-73.941126
J009R378,MYRTLE AV,JMZ,J009,R378,M11,Myrtle Av,97,40.697207,-73.935657
J012R379,KOSCIUSZKO ST,J,J012,R379,J31,Kosciuszko St,96,40.693342,-73.928814
J013R380,GATES AV,JZ,J013,R380,J30,Gates Av,95,40.68963,-73.92227
J016R381,HALSEY ST,J,J016,R381,J29,Halsey St,94,40.68637,-73.916559
J017R432,CHAUNCEY ST,JZ,J017,R432,J28,Chauncey St,93,40.682893,-73.910456
J020R433,ALABAMA AV,J,J020,R433,J24,Alabama Av,91,40.676992,-73.898654
J021R434,VAN SICLEN AV,JZ,J021,R434,J23,Van Siclen Av,90,40.678024,-73.891688
J022R435,CLEVELAND ST,J,J022,R435,J22,Cleveland St,89,40.679947,-73.884639
J023R436,NORWOOD AV,JZ,J023,R436,J21,Norwood Av,88,40.68141,-73.880039
J024R437,CRESCENT ST,JZ,J024,R437,J20,Crescent St,87,40.683194,-73.873785
J025R003,CYPRESS HILLS,J,J025,R003,J19,Cypress Hills,86,40.689941,-73.87255
J028R004,75 ST-ELDERTS,JZ,J028,R004,J17,75 St,85,40.691324,-73.867139
J030R005,85 ST-FOREST PK,J,J030,R005,J16,85 St - Forest Pkwy,84,40.692435,-73.86001
J031R006,WOODHAVEN BLVD,JZ,J031,R006,J15,Woodhaven Blvd,83,40.693879,-73.851576
J032R006,WOODHAVEN BLVD,JZ,J032,R006,J15,Woodhaven Blvd,83,40.693879,-73.851576
J034R007,104 ST,JZ,J034,R007,J14,104 St,82,40.695178,-73.84433
J035R008,111 ST,J,J035,R008,J13,111 St,81,40.697418,-73.836345
J037R009,121 ST,JZ,J037,R009,J12,121 St,80,40.700492,-73.828294
JFK01R535,HOWARD BCH JFK,A,JFK01,R535,H03,Howard Beach - JFK Airport,198,40.660476,-73.830301
JFK02R535,HOWARD BCH JFK,A,JFK02,R535,H03,Howard Beach - JFK Airport,198,40.660476,-73.830301
JFK03R536,JFK JAMAICA CT1,E,JFK03,R536,G05,Jamaica Center - Parsons/Archer,278,40.702147,-73.801109
K017R401,CENTRAL AV,M,K017,R401,M10,Central Av,114,40.697857,-73.927397
K019R413,KNICKERBOCKER,M,K019,R413,M09,Knickerbocker Av,113,40.698664,-73.919711
K022R402,SENECA AVE,M,K022,R402,M06,Seneca Av,111,40.702762,-73.90774
K024R403,FOREST AVE,M,K024,R403,M05,Forest Av,110,40.704423,-73.903077
K025R404,FRESH POND RD,M,K025,R404,M04,Fresh Pond Rd,109,40.706186,-73.895877
K026R100,METROPOLITAN AV,M,K026,R100,M01,Middle Village - Metropolitan Av,108,40.711396,-73.889601
N001R173,INWOOD-207 ST,A,N001,R173,A02,Inwood - 207 St,143,40.868072,-73.919899
N002AR173,INWOOD-207 ST,A,N002A,R173,A02,Inwood - 207 St,143,40.868072,-73.919899
N003R185,DYCKMAN ST,A,N003,R185,A03,Dyckman St,144,40.865491,-73.927271
N006AR280,190 ST,A,N006A,R280,A05,190 St,145,40.859022,-73.93418
N007AR174,181 ST,A,N007A,R174,A06,181 St,146,40.851695,-73.937969
N009R174,181 ST,A,N009,R174,A06,181 St,146,40.851695,-73.937969
N010R126,175 ST,A,N010,R126,A07,175 St,147,40.847391,-73.939704
N011R126,175 ST,A,N011,R126,A07,175 St,147,40.847391,-73.939704
N012R035,168 ST,AC1,N012,R035,A09,168 St,148,40.840719,-73.939561
N013R035,168 ST,AC1,N013,R035,A09,168 St,148,40.840719,-73.939561
N016AR296,163 ST-AMSTERDM,C,N016A,R296,A10,163 St - Amsterdam Av,149,40.836013,-73.939892
N017R331,155 ST,C,N017,R331,A11,155 St,150,40.830518,-73.941514
N019R101,145 ST,ABCD,N019,R101,A12,145 St,151,40.824783,-73.944216
N020R101,145 ST,ABCD,N020,R101,A12,145 St,151,40.824783,-73.944216
N022R332,135 ST,BC,N022,R332,A14,135 St,152,40.817894,-73.947649
N023R332,135 ST,BC,N023,R332,A14,135 St,152,40.817894,-73.947649
N024R332,135 ST,BC,N024,R332,A14,135 St,152,40.817894,-73.947649
N025R102,125 ST,ACBD,N025,R102,A15,125 St,153,40.811109,-73.952343
N026R102,125 ST,ACBD,N026,R102,A15,125 St,153,40.811109,-73.952343
N029R333,116 ST,BC,N029,R333,A16,116 St,154,40.805085,-73.954882
N030R333,116 ST,BC,N030,R333,A16,116 St,154,40.805085,-73.954882
N034R334,CATHEDRAL PKWY,BC,N034,R334,A17,Cathedral Pkwy (110 St),155,40.800603,-73.958161
N035R334,CATHEDRAL PKWY,BC,N035,R334,A17,Cathedral Pkwy (110 St),155,40.800603,-73.958161
N037R314,103 ST,BC,N037,R314,A18,103 St,156,40.796092,-73.961454
N039R251,96 ST,BC,N039,R251,A19,96 St,157,40.791642,-73.964696
N040R251,96 ST,BC,N040,R251,A19,96 St,157,40.791642,-73.964696
N043R186,86 ST,BC,N043,R186,A20,86 St,158,40.785868,-73.968916
N044R187,81 ST-MUSEUM,BC,N044,R187,A21,81 St - Museum of Natural History,159,40.781433,-73.972143
N045R187,81 ST-MUSEUM,BC,N045,R187,A21,81 St - Museum of Natural History,159,40.781433,-73.972143
N046R281,72 ST,BC,N046,R281,A22,72 St,160,40.775594,-73.97641
N049R084,59 ST COLUMBUS,ABCD1,N049,R084,A24,59 St - Columbus Circle,161,40.768296,-73.981736
N051R084,59 ST COLUMBUS,ABCD1,N051,R084,A24,59 St - Columbus Circle,161,40.768296,-73.981736
N056R188,50 ST,CE,N056,R188,A25,50 St,162,40.762456,-73.985984
N057R188,50 ST,CE,N057,R188,A25,50 St,162,40.762456,-73.985984
N060R010,42 ST-PORT AUTH,ACENGRS1237W,N060,R010,R16,Times Sq - 42 St,11,40.754672,-73.986754
N062AR010,42 ST-PORT AUTH,ACENQRS1237W,N062A,R010,R16,Times Sq - 42 St,11,40.754672,-73.986754
N062R011,42 ST-PORT AUTH,ACENQRS1237W,N062,R011,R16,Times Sq - 42 St,11,40.754672,-73.986754
N063AR011,42 ST-PORT AUTH,ACENQRS1237W,N063A,R011,A27,42 St - Port Authority Bus Terminal,163,40.757308,-73.989735
N063R011,42 ST-PORT AUTH,ACENQRS1237W,N063,R011,A27,42 St - Port Authority Bus Terminal,163,40.757308,-73.989735
N067R012,34 ST-PENN STA,ACE,N067,R012,A28,34 St - Penn Station,164,40.752287,-73.993391
N068R012,34 ST-PENN STA,ACE,N068,R012,A28,34 St - Penn Station,164,40.752287,-73.993391
N069R013,34 ST-PENN STA,ACE,N069,R013,A28,34 St - Penn Station,164,40.752287,-73.993391
N070R012,34 ST-PENN STA,ACE,N070,R012,A28,34 St - Penn Station,164,40.752287,-73.993391
N071R013,34 ST-PENN STA,ACE,N071,R013,A28,34 St - Penn Station,164,40.752287,-73.993391
N072R012,34 ST-PENN STA,ACE,N072,R012,A28,34 St - Penn Station,164,40.752287,-73.993391
N073R013,34 ST-PENN STA,ACE,N073,R013,A28,34 St - Penn Station,164,40.752287,-73.993391
N075R111,23 ST,CE,N075,R111,A30,23 St,165,40.745906,-73.998041
N076R111,23 ST,CE,N076,R111,A30,23 St,165,40.745906,-73.998041
N077R111,23 ST,CE,N077,R111,A30,23 St,165,40.745906,-73.998041
N078R175,14 ST,ACEL,N078,R175,A31,14 St,166,40.740893,-74.00169
N080R138,W 4 ST-WASH SQ,ABCDEFM,N080,R138,A32,W 4 St,167,40.732338,-74.000495
N083R138,W 4 ST-WASH SQ,ABCDEFM,N083,R138,A32,W 4 St,167,40.732338,-74.000495
N086R282,SPRING ST,CE,N086,R282,A33,Spring St,168,40.726227,-74.003739
N087R282,SPRING ST,CE,N087,R282,A33,Spring St,168,40.726227,-74.003739
N089R139,CANAL ST,ACE,N089,R139,A34,Canal St,169,40.720824,-74.005229
N090R139,CANAL ST,ACE,N090,R139,A34,Canal St,169,40.720824,-74.005229
N091R029,CHAMBERS ST,ACE23,N091,R029,A36,Chambers St,170,40.714111,-74.008585
N092R029,CHAMBERS ST,ACE23,N092,R029,A36,Chambers St,170,40.714111,-74.008585
N094R029,WORLD TRADE CTR,ACE23,N094,R029,E01,World Trade Center,171,40.712582,-74.009781
N095AR014,FULTON ST,2345ACJZ,N095A,R014,A38,Fulton St,172,40.710197,-74.007691
N095R014,FULTON ST,ACJZ2345,N095,R014,A38,Fulton St,172,40.710197,-74.007691
N098R028,FULTON ST,2345ACJZ,N098,R028,A38,Fulton St,172,40.710197,-74.007691
N100R252,HIGH ST,AC,N100,R252,A40,High St,173,40.699337,-73.990531
N101R252,HIGH ST,AC,N101,R252,A40,High St,173,40.699337,-73.990531
N102R127,JAY ST-METROTEC,ACF,N102,R127,A41,Jay St - MetroTech,174,40.692338,-73.987342
N103R127,JAY ST-METROTEC,ACF,N103,R127,A41,Jay St - MetroTech,174,40.692338,-73.987342
N108R217,HOYT-SCHER,ACG,N108,R217,A42,Hoyt - Schermerhorn Sts,175,40.688484,-73.985001
N110R283,LAFAYETTE AV,C,N110,R283,A43,Lafayette Av,176,40.686113,-73.973946
N111R284,CLINTON-WASH AV,C,N111,R284,A44,Clinton - Washington Avs,177,40.683263,-73.965838
N112AR284,CLINTON-WASH AV,C,N112A,R284,A44,Clinton - Washington Avs,177,40.683263,-73.965838
N113R297,FRANKLIN AV,ACS,N113,R297,A45,Franklin Av,178,40.68138,-73.956848
N114R297,FRANKLIN AV,ACS,N114,R297,A45,Franklin Av,178,40.68138,-73.956848
N116R198,NOSTRAND AV,AC,N116,R198,A46,Nostrand Av,179,40.680438,-73.950426
N117R198,NOSTRAND AV,AC,N117,R198,A46,Nostrand Av,179,40.680438,-73.950426
N118R199,KINGSTON-THROOP,C,N118,R199,A47,Kingston - Throop Avs,180,40.679921,-73.940858
N119R199,KINGSTON-THROOP,C,N119,R199,A47,Kingston - Throop Avs,180,40.679921,-73.940858
N120AR153,UTICA AV,AC,N120A,R153,A48,Utica Av,181,40.679364,-73.930729
N120R153,UTICA AV,AC,N120,R153,A48,Utica Av,181,40.679364,-73.930729
N121BR438,RALPH AV,C,N121B,R438,A49,Ralph Av,182,40.678822,-73.920786
N122R439,ROCKAWAY AV,C,N122,R439,A50,Rockaway Av,183,40.67834,-73.911946
N123BR439,ROCKAWAY AV,C,N123B,R439,A50,Rockaway Av,183,40.67834,-73.911946
N124R103,BROADWAY JCT,ACJLZ,N124,R103,A51,Broadway Jct,184,40.678334,-73.905316
N125R440,LIBERTY AV,C,N125,R440,A52,Liberty Av,185,40.674542,-73.896548
N126R441,VAN SICLEN AVE,C,N126,R441,A53,Van Siclen Av,186,40.67271,-73.890358
N127R442,SHEPHERD AV,C,N127,R442,A54,Shepherd Av,187,40.67413,-73.88075
N128R200,EUCLID AV,AC,N128,R200,A55,Euclid Av,188,40.675377,-73.872106
N129R382,GRANT AV,A,N129,R382,A57,Grant Av,189,40.677044,-73.86505
N130R383,80 ST,A,N130,R383,A59,80 St,190,40.679371,-73.858992
N131R383,80 ST,A,N131,R383,A59,80 St,190,40.679371,-73.858992
N133R384,88 ST,A,N133,R384,A60,88 St,191,40.679843,-73.85147
N134R385,ROCKAWAY BLVD,A,N134,R385,A61,Rockaway Blvd,192,40.680429,-73.843853
N135R385,ROCKAWAY BLVD,A,N135,R385,A61,Rockaway Blvd,192,40.680429,-73.843853
N137R354,104 ST,A,N137,R354,A63,104 St,193,40.681711,-73.837683
N138R355,111 ST,A,N138,R355,A64,111 St,194,40.684331,-73.832163
N139R355,111 ST,A,N139,R355,A64,111 St,194,40.684331,-73.832163
N141R356,OZONE PK LEFFRT,A,N141,R356,A65,Ozone Park - Lefferts Blvd,195,40.685951,-73.825798
N181AR464,AQUEDUCT RACETR,A,N181A,R464,H01,Aqueduct Racetrack,196,40.672097,-73.835919
N181R357,AQUEDUCT N.COND,A,N181,R357,H02,Aqueduct - N Conduit Av,197,40.668234,-73.834058
N182R414,HOWARD BCH JFK,A,N182,R414,H03,Howard Beach - JFK Airport,198,40.660476,-73.830301
N183R415,BROAD CHANNEL,AS,N183,R415,H04,Broad Channel,199,40.608382,-73.815925
N184R416,BEACH 90 ST,AS,N184,R416,H12,Beach 90 St,200,40.588034,-73.813641
N185R417,BEACH 98 ST,AS,N185,R417,H13,Beach 98 St,201,40.585307,-73.820558
N186R418,BEACH 105 ST,AS,N186,R418,H14,Beach 105 St,202,40.583209,-73.827559
N187R419,ROCKAWAY PARK B,AS,N187,R419,H15,Rockaway Park - Beach 116 St,203,40.580903,-73.835592
N191R335,BEACH 67 ST,A,N191,R335,H06,Beach 67 St,204,40.590927,-73.796924
N192R336,BEACH 60 ST,A,N192,R336,H07,Beach 60 St,205,40.592374,-73.788522
N193R337,BEACH 44 ST,A,N193,R337,H08,Beach 44 St,206,40.592943,-73.776013
N194R338,BEACH 36 ST,A,N194,R338,H09,Beach 36 St,207,40.595398,-73.768175
N195R358,BEACH 25 ST,A,N195,R358,H10,Beach 25 St,208,40.600066,-73.761353
N196R285,FAR ROCKAWAY,A,N196,R285,H11,Far Rockaway - Mott Av,209,40.603995,-73.755405
N202R315,155 ST,BD,N202,R315,D12,155 St,220,40.830135,-73.938209
N203R195,161/YANKEE STAD,BD4,N203,R195,D11,161 St - Yankee Stadium,219,40.827905,-73.925651
N205R195,161/YANKEE STAD,BD4,N205,R195,D11,161 St - Yankee Stadium,219,40.827905,-73.925651
N206R104,167 ST,BD,N206,R104,D10,167 St,218,40.833771,-73.91844
N207R104,167 ST,BD,N207,R104,D10,167 St,218,40.833771,-73.91844
N208R443,170 ST,BD,N208,R443,D09,170 St,217,40.839306,-73.9134
N209R443,170 ST,BD,N209,R443,D09,170 St,217,40.839306,-73.9134
N210R253,174-175 STS,BD,N210,R253,D08,174-175 Sts,216,40.8459,-73.910136
N212R253,174-175 STS,BD,N212,R253,D08,174-175 Sts,216,40.8459,-73.910136
N213R154,TREMONT AV,BD,N213,R154,D07,Tremont Av,215,40.85041,-73.905227
N215R237,182-183 STS,BD,N215,R237,D06,182-183 Sts,214,40.856093,-73.900741
N217R112,FORDHAM RD,BD,N217,R112,D05,Fordham Rd,213,40.861296,-73.897749
N218R112,FORDHAM RD,BD,N218,R112,D05,Fordham Rd,213,40.861296,-73.897749
N220R155,KINGSBRIDGE RD,BD,N220,R155,D04,Kingsbridge Rd,212,40.866978,-73.893509
N221R155,KINGSBRIDGE RD,BD,N221,R155,D04,Kingsbridge Rd,212,40.866978,-73.893509
N222R156,BEDFORD PK BLVD,BD,N222,R156,D03,Bedford Park Blvd,211,40.873244,-73.887138
N223R156,BEDFORD PK BLVD,BD,N223,R156,D03,Bedford Park Blvd,211,40.873244,-73.887138
N224R157,NORWOOD 205 ST,D,N224,R157,D01,Norwood - 205 St,210,40.874811,-73.878855
N225R157,NORWOOD 205 ST,D,N225,R157,D01,Norwood - 205 St,210,40.874811,-73.878855
N300R113,7 AV,BDE,N300,R113,D14,7 Av,277,40.762862,-73.981637
N301R113,7 AV,BDE,N301,R113,D14,7 Av,277,40.762862,-73.981637
N303R015,5 AV/53 ST,EM,N303,R015,F12,5 Av/53 St,276,40.760167,-73.975224
N304R015,5 AV/53 ST,EM,N304,R015,F12,5 Av/53 St,276,40.760167,-73.975224
N305AR016,LEXINGTON AV/53,EM6,N305A,R016,F11,Lexington Av/53 St,275,40.757552,-73.969055
N305R017,LEXINGTON AV/53,EM6,N305,R017,F11,Lexington Av/53 St,275,40.757552,-73.969055
N306R017,LEXINGTON AV/53,EM6,N306,R017,F11,Lexington Av/53 St,275,40.757552,-73.969055
N307R359,COURT SQ-23 ST,EMG,N307,R359,G22,Court Sq,281,40.746554,-73.943832
N309AR140,QUEENS PLAZA,EMR,N309A,R140,G21,Queens Plaza,273,40.748973,-73.937243
N310R140,QUEENS PLAZA,EMR,N310,R140,G21,Queens Plaza,273,40.748973,-73.937243
N311R339,36 ST,MR,N311,R339,G20,36 St,272,40.752039,-73.928781
N312R339,36 ST,MR,N312,R339,G20,36 St,272,40.752039,-73.928781
N314R238,STEINWAY ST,MR,N314,R238,G19,Steinway St,271,40.756879,-73.92074
N315R238,STEINWAY ST,MR,N315,R238,G19,Steinway St,271,40.756879,-73.92074
N316AR267,46 ST,MR,N316A,R267,G18,46 St,270,40.756312,-73.913333
N316R267,46 ST,MR,N316,R267,G18,46 St,270,40.756312,-73.913333
N317R267,46 ST,MR,N317,R267,G18,46 St,270,40.756312,-73.913333
N318R298,NORTHERN BLVD,MR,N318,R298,G16,Northern Blvd,269,40.752885,-73.906006
N319R298,NORTHERN BLVD,MR,N319,R298,G16,Northern Blvd,269,40.752885,-73.906006
N322R340,65 ST,MR,N322,R340,G15,65 St,268,40.749669,-73.898453
N323R018,JKSN HT-ROOSVLT,EFMR7,N323,R018,G14,Jackson Hts - Roosevelt Av,267,40.746644,-73.891338
N324R018,JKSN HT-ROOSVLT,EFMR7,N324,R018,G14,Jackson Hts - Roosevelt Av,267,40.746644,-73.891338
N325AR218,ELMHURST AV,MR,N325A,R218,G13,Elmhurst Av,266,40.742454,-73.882017
N327R254,GRAND-NEWTOWN,MR,N327,R254,G12,Grand Av - Newtown,265,40.737015,-73.877223
N329AR201,WOODHAVEN BLVD,MR,N329A,R201,G11,Woodhaven Blvd,264,40.733106,-73.869229
N329R201,WOODHAVEN BLVD,MR,N329,R201,G11,Woodhaven Blvd,264,40.733106,-73.869229
N330CR202,63 DR-REGO PARK,MR,N330C,R202,G10,63 Dr - Rego Park,263,40.729846,-73.861604
N330R202,63 DR-REGO PARK,MR,N330,R202,G10,63 Dr - Rego Park,263,40.729846,-73.861604
N331R219,67 AV,MR,N331,R219,G09,67 Av,262,40.726523,-73.852719
N332R219,67 AV,MR,N332,R219,G09,67 Av,262,40.726523,-73.852719
N333AR141,FOREST HILLS 71,EFMR,N333A,R141,G08,Forest Hills - 71 Av,261,40.721691,-73.844521
N333BR141,FOREST HILLS 71,EFMR,N333B,R141,G08,Forest Hills - 71 Av,261,40.721691,-73.844521
N333R141,FOREST HILLS 71,EFMR,N333,R141,G08,Forest Hills - 71 Av,261,40.721691,-73.844521
N334BR341,75 AV,EF,N334B,R341,F07,75 Av,260,40.718331,-73.837324
N335R158,KEW GARDENS,EF,N335,R158,F06,Kew Gardens - Union Tpke,259,40.714441,-73.831008
N336R158,KEW GARDENS,EF,N336,R158,F06,Kew Gardens - Union Tpke,259,40.714441,-73.831008
N337R255,BRIARWOOD,EF,N337,R255,F05,Briarwood - Van Wyck Blvd,258,40.709179,-73.820574
N338BR128,SUTPHIN BLVD,F,N338B,R128,F04,Sutphin Blvd,257,40.70546,-73.810708
N338R128,SUTPHIN BLVD,F,N338,R128,F04,Sutphin Blvd,257,40.70546,-73.810708
N339AR114,PARSONS BLVD,F,N339A,R114,F03,Parsons Blvd,256,40.707564,-73.803326
N339R114,PARSONS BLVD,F,N339,R114,F03,Parsons Blvd,256,40.707564,-73.803326
N340AR115,169 ST,F,N340A,R115,F02,169 St,255,40.71047,-73.793604
N340R115,169 ST,F,N340,R115,F02,169 St,255,40.71047,-73.793604
N342R019,JAMAICA 179 ST,F,N342,R019,F01,Jamaica - 179 St,254,40.712646,-73.783817
N343R019,JAMAICA 179 ST,F,N343,R019,F01,Jamaica - 179 St,254,40.712646,-73.783817
N400AR359,COURT SQ,EMG,N400A,R359,G2,#N/A,#N/A,#N/A,#N/A
N401R360,21 ST,G,N401,R360,G24,21 St,282,40.744065,-73.949724
N405R239,GREENPOINT AV,G,N405,R239,G26,Greenpoint Av,283,40.731352,-73.954449
N408AR256,NASSAU AV,G,N408A,R256,G28,Nassau Av,284,40.724635,-73.951277
N409R268,METROPOLITAN AV,GL,N409,R268,G29,Metropolitan Av,285,40.712792,-73.951418
N412R299,BROADWAY,G,N412,R299,G30,Broadway,286,40.706092,-73.950308
N414AR316,FLUSHING AV,G,N414A,R316,G31,Flushing Av,287,40.700377,-73.950234
N414R316,FLUSHING AV,G,N414,R316,G31,Flushing Av,287,40.700377,-73.950234
N415R286,MYRTLE-WILLOUGH,G,N415,R286,G32,Myrtle - Willoughby Avs,288,40.694568,-73.949046
N416R286,MYRTLE-WILLOUGH,G,N416,R286,G32,Myrtle - Willoughby Avs,288,40.694568,-73.949046
N417R269,BEDFORD-NOSTRAN,G,N417,R269,G33,Bedford - Nostrand Avs,289,40.689627,-73.953522
N418R269,BEDFORD-NOSTRAN,G,N418,R269,G33,Bedford - Nostrand Avs,289,40.689627,-73.953522
N419R287,CLASSON AV,G,N419,R287,G34,Classon Av,290,40.688873,-73.96007
N420BR317,CLINTON-WASH AV,G,N420B,R317,G35,Clinton - Washington Avs,291,40.688089,-73.966839
N422R318,FULTON ST,G,N422,R318,G36,Fulton St,292,40.687119,-73.975375
N500R020,47-50 STS ROCK,BDFM,N500,R020,D15,47-50 Sts - Rockefeller Ctr,225,40.758663,-73.981329
N501AR020,47-50 STS ROCK,BDFM,N501A,R020,D15,47-50 Sts - Rockefeller Ctr,225,40.758663,-73.981329
N501R020,47-50 STS ROCK,BDFM,N501,R020,D15,47-50 Sts - Rockefeller Ctr,225,40.758663,-73.981329
N502R021,42 ST-BRYANT PK,BDFM7,N502,R021,D16,42 St - Bryant Pk,226,40.754222,-73.984569
N503R021,42 ST-BRYANT PK,BDFM7,N503,R021,D16,42 St - Bryant Pk,226,40.754222,-73.984569
N504R021,42 ST-BRYANT PK,BDFM7,N504,R021,D16,42 St - Bryant Pk,226,40.754222,-73.984569
N505R022,34 ST-HERALD SQ,BDFMNQRW,N505,R022,D17,34 St - Herald Sq,227,40.749719,-73.987823
N506R022,34 ST-HERALD SQ,BDFMNQRW,N506,R022,D17,34 St - Herald Sq,227,40.749719,-73.987823
N507R023,34 ST-HERALD SQ,BDFMNQRW,N507,R023,D17,34 St - Herald Sq,227,40.749719,-73.987823
N508R453,23 ST,FM,N508,R453,D18,23 St,228,40.742878,-73.992821
N509R203,23 ST,FM,N509,R203,D18,23 St,228,40.742878,-73.992821
N510R163,14 ST,FLM123,N510,R163,D19,14 St,229,40.738228,-73.996209
N511R163,14 ST,FLM123,N511,R163,D19,14 St,229,40.738228,-73.996209
N512R163,14 ST,FLM123,N512,R163,D19,14 St,229,40.738228,-73.996209
N513R163,14 ST,FLM123,N513,R163,D19,14 St,229,40.738228,-73.996209
N519AR461,B'WAY-LAFAYETTE,BDFQ6,N519A,R461,D21,Broadway-Lafayette St,230,40.725297,-73.996204
N519R461,B'WAY-LAFAYETTE,BDFQ6,N519,R461,D21,Broadway-Lafayette St,230,40.725297,-73.996204
N520R240,GRAND ST,BD,N520,R240,D22,Grand St,231,40.718267,-73.993753
N521R300,2 AV,F,N521,R300,F14,2 Av,232,40.723402,-73.989938
N523R300,2 AV,F,N523,R300,F14,2 Av,232,40.723402,-73.989938
N525R142,DELANCEY/ESSEX,FJMZ,N525,R142,F15,Delancey St,233,40.718611,-73.988114
N526R142,DELANCEY/ESSEX,FJMZ,N526,R142,F15,Delancey St,233,40.718611,-73.988114
N528R257,EAST BROADWAY,F,N528,R257,F16,East Broadway,234,40.713715,-73.990173
N529R257,EAST BROADWAY,F,N529,R257,F16,East Broadway,234,40.713715,-73.990173
N530R301,YORK ST,F,N530,R301,F18,York St,235,40.701397,-73.986751
N531R129,BERGEN ST,FG,N531,R129,F20,Bergen St,236,40.686145,-73.990862
N532R129,BERGEN ST,FG,N532,R129,F20,Bergen St,236,40.686145,-73.990862
N533R129,BERGEN ST,FG,N533,R129,F20,Bergen St,236,40.686145,-73.990862
N534R220,CARROLL ST,FG,N534,R220,F21,Carroll St,237,40.680303,-73.995048
N535R220,CARROLL ST,FG,N535,R220,F21,Carroll St,237,40.680303,-73.995048
N536R270,SMITH-9 ST,FG,N536,R270,F22,Smith - 9 Sts,238,40.67358,-73.995959
N537R258,4 AV-9 ST,DFGMNR,N537,R258,R33,9 St,29,40.670847,-73.988302
N539R288,7 AV,FG,N539,R288,F24,7 Av,240,40.666271,-73.980305
N541R241,15 ST-PROSPECT,FG,N541,R241,F25,15 St - Prospect Park,241,40.660365,-73.979493
N542R241,15 ST-PROSPECT,FG,N542,R241,F25,15 St - Prospect Park,241,40.660365,-73.979493
N543R289,FT HAMILTON PKY,FG,N543,R289,F26,Fort Hamilton Pkwy,242,40.650782,-73.975776
N544R289,FT HAMILTON PKY,FG,N544,R289,F26,Fort Hamilton Pkwy,242,40.650782,-73.975776
N545R204,CHURCH AV,FG,N545,R204,F27,Church Av,243,40.644041,-73.979678
N546R204,CHURCH AV,FG,N546,R204,F27,Church Av,243,40.644041,-73.979678
N547R420,DITMAS AV,F,N547,R420,F29,Ditmas Av,244,40.636119,-73.978172
N548R420,DITMAS AV,F,N548,R420,F29,Ditmas Av,244,40.636119,-73.978172
N549R242,18 AV,F,N549,R242,F30,18 Av,245,40.629755,-73.976971
N550R242,18 AV,F,N550,R242,F30,18 Av,245,40.629755,-73.976971
N551R421,AVENUE I,F,N551,R421,F31,Avenue I,246,40.625322,-73.976127
N553R422,BAY PKWY,F,N553,R422,F32,Bay Pkwy,247,40.620769,-73.975264
N554R423,AVENUE N,F,N554,R423,F33,Avenue N,248,40.61514,-73.974197
N555R423,AVENUE N,F,N555,R423,F33,Avenue N,248,40.61514,-73.974197
N556R424,AVENUE P,F,N556,R424,F34,Avenue P,249,40.608944,-73.973022
N557R130,KINGS HWY,F,N557,R130,F35,Kings Hwy,250,40.603217,-73.972361
N558R130,KINGS HWY,F,N558,R130,F35,Kings Hwy,250,40.603217,-73.972361
N559R425,AVENUE U,F,N559,R425,F36,Avenue U,251,40.596063,-73.973357
N561R271,AVENUE X,F,N561,R271,F38,Avenue X,252,40.58962,-73.97425
N562R426,NEPTUNE AV,F,N562,R426,F39,Neptune Av,253,40.581011,-73.974574
N600R302,57 ST,F,N600,R302,B10,57 St,224,40.763972,-73.97745
N601AR319,LEXINGTON AV/63,F,N601A,R319,B08,Lexington Av/63 St,223,40.764629,-73.966113
N601R319,LEXINGTON AV/63,F,N601,R319,B08,Lexington Av/63 St,223,40.764629,-73.966113
N602R259,ROOSEVELT ISLND,F,N602,R259,B06,Roosevelt Island,222,40.759145,-73.95326
N603R303,21 ST-QNSBRIDGE,F,N603,R303,B04,21 St - Queensbridge,221,40.754203,-73.942836
N604R342,JAMAICA VAN WK,E,N604,R342,G07,Jamaica - Van Wyck,280,40.702566,-73.816859
N605R024,SUTPHIN-ARCHER,EJZ,N605,R024,G06,Sutphin Blvd - Archer Av - JFK Airport,279,40.700486,-73.807969
N606R025,JAMAICA CENTER,EJZ,N606,R025,G05,Jamaica Center - Parsons/Archer,278,40.702147,-73.801109
N607R025,JAMAICA CENTER,EJZ,N607,R025,G05,Jamaica Center - Parsons/Archer,278,40.702147,-73.801109
N700AR570,72 ST-2 AVE,Q,N700A,R570,Q03,72 St,477,40.768799,-73.958424
N700R570,72 ST-2 AVE,Q,N700,R570,Q03,72 St,477,40.768799,-73.958424
N701AR571,86 ST-2 AVE,Q,N701A,R571,Q04,86 St,476,40.777891,-73.951787
N701R571,86 ST-2 AVE,Q,N701,R571,Q04,86 St,476,40.777891,-73.951787
N702AR572,96 ST-2 AVE,Q,N702A,R572,Q05,96 St,475,40.784318,-73.947152
N702R572,96 ST-2 AVE,Q,N702,R572,Q05,96 St,475,40.784318,-73.947152
PTH01R549,NEWARK HW BMEBE,1,PTH01,R549,NULL,#N/A,#N/A,#N/A,#N/A
PTH01R549,NEWARK HW BMEBE,1,PTH01,R549,NULL,#N/A,#N/A,#N/A,#N/A
PTH02R544,HARRISON,1,PTH02,R544,NULL,#N/A,#N/A,#N/A,#N/A
PTH03R552,JOURNAL SQUARE,1,PTH03,R552,NULL,#N/A,#N/A,#N/A,#N/A
PTH04R551,GROVE STREET,1,PTH04,R551,NULL,#N/A,#N/A,#N/A,#N/A
PTH05R543,EXCHANGE PLACE,1,PTH05,R543,NULL,#N/A,#N/A,#N/A,#N/A
PTH06R546,PAVONIA/NEWPORT,1,PTH06,R546,NULL,#N/A,#N/A,#N/A,#N/A
PTH07R550,CITY / BUS,1,PTH07,R550,NULL,#N/A,#N/A,#N/A,#N/A
PTH09R548,CHRISTOPHER ST,1,PTH09,R548,NULL,#N/A,#N/A,#N/A,#N/A
PTH10R547,9TH STREET,1,PTH10,R547,NULL,#N/A,#N/A,#N/A,#N/A
PTH11R545,14TH STREET,1,PTH11,R545,NULL,#N/A,#N/A,#N/A,#N/A
PTH12R542,TWENTY THIRD ST,1,PTH12,R542,NULL,#N/A,#N/A,#N/A,#N/A
PTH13R541,THIRTY ST,1,PTH13,R541,NULL,#N/A,#N/A,#N/A,#N/A
PTH16R550,LACKAWANNA,1,PTH16,R550,NULL,#N/A,#N/A,#N/A,#N/A
PTH17R541,THIRTY THIRD ST,1,PTH17,R541,NULL,#N/A,#N/A,#N/A,#N/A
PTH18R549,NEWARK BM BW,1,PTH18,R549,NULL,#N/A,#N/A,#N/A,#N/A
PTH19R549,NEWARK C,1,PTH19,R549,NULL,#N/A,#N/A,#N/A,#N/A
PTH19R549,NEWARK C,1,PTH19,R549,NULL,#N/A,#N/A,#N/A,#N/A
PTH20R549,NEWARK HM HE,1,PTH20,R549,NULL,#N/A,#N/A,#N/A,#N/A
PTH21R540,PATH WTC 2,1,PTH21,R540,NULL,#N/A,#N/A,#N/A,#N/A
PTH22R540,PATH NEW WTC,1,PTH22,R540,NULL,#N/A,#N/A,#N/A,#N/A
R101R001,SOUTH FERRY,1RW,R101,R001,142,South Ferry,330,40.702068,-74.013664
R102R304,RECTOR ST,1,R102,R304,139,Rector St,329,40.707513,-74.013783
R103R304,RECTOR ST,1,R103,R304,139,Rector St,329,40.707513,-74.013783
R106R305,WTC-CORTLANDT,1,R106,R305,138,WTC Cortlandt,328,40.711835,-74.012188
R107DR305,WTC-CORTLANDT,1,R107D,R305,138,WTC Cortlandt,328,40.711835,-74.012188
R107R305,WTC-CORTLANDT,1,R107,R305,138,WTC Cortlandt,328,40.711835,-74.012188
R108AR305,WTC-CORTLANDT,1,R108A,R305,138,WTC Cortlandt,328,40.711835,-74.012188
R108R305,WTC-CORTLANDT,1,R108,R305,138,WTC Cortlandt,328,40.711835,-74.012188
R109R305,WTC-CORTLANDT,1,R109,R305,138,WTC Cortlandt,328,40.711835,-74.012188
R110R027,WALL ST,23,R110,R027,230,Wall St,333,40.706821,-74.0091
R111R027,WALL ST,23,R111,R027,230,Wall St,333,40.706821,-74.0091
R112AR027,WALL ST,23,R112A,R027,230,Wall St,333,40.706821,-74.0091
R112R027,WALL ST,23,R112,R027,230,Wall St,333,40.706821,-74.0091
R113R028,FULTON ST,2345ACJZ,R113,R028,229,Fulton St,332,40.709416,-74.006571
R114R028,FULTON ST,2345ACJZ,R114,R028,229,Fulton St,332,40.709416,-74.006571
R115R029,PARK PLACE,23ACE,R115,R029,228,Park Pl,331,40.713051,-74.008811
R116R030,CHAMBERS ST,123,R116,R030,137,Chambers St,327,40.715478,-74.009266
R117R343,FRANKLIN ST,1,R117,R343,136,Franklin St,326,40.719318,-74.006886
R118R343,FRANKLIN ST,1,R118,R343,136,Franklin St,326,40.719318,-74.006886
R119R320,CANAL ST,1,R119,R320,135,Canal St,325,40.722854,-74.006277
R120R320,CANAL ST,1,R120,R320,135,Canal St,325,40.722854,-74.006277
R121R290,HOUSTON ST,1,R121,R290,134,Houston St,324,40.728251,-74.005367
R122R290,HOUSTON ST,1,R122,R290,134,Houston St,324,40.728251,-74.005367
R123R290,HOUSTON ST,1,R123,R290,134,Houston St,324,40.728251,-74.005367
R124R290,HOUSTON ST,1,R124,R290,134,Houston St,324,40.728251,-74.005367
R125R189,CHRISTOPHER ST,1,R125,R189,133,Christopher St - Sheridan Sq,323,40.733422,-74.002906
R126R189,CHRISTOPHER ST,1,R126,R189,133,Christopher St - Sheridan Sq,323,40.733422,-74.002906
R127R105,14 ST,123FLM,R127,R105,132,14 St,322,40.737826,-74.000201
R128R105,14 ST,123FLM,R128,R105,132,14 St,322,40.737826,-74.000201
R129R321,18 ST,1,R129,R321,131,18 St,321,40.74104,-73.997871
R130R321,18 ST,1,R130,R321,131,18 St,321,40.74104,-73.997871
R131R190,23 ST,1,R131,R190,130,23 St,320,40.744081,-73.995657
R132R190,23 ST,1,R132,R190,130,23 St,320,40.744081,-73.995657
R133R272,28 ST,1,R133,R272,129,28 St,319,40.747215,-73.993365
R134R272,28 ST,1,R134,R272,129,28 St,319,40.747215,-73.993365
R135R031,34 ST-PENN STA,123,R135,R031,128,34 St - Penn Station,318,40.750373,-73.991057
R137R031,34 ST-PENN STA,123,R137,R031,128,34 St - Penn Station,318,40.750373,-73.991057
R138R293,34 ST-PENN STA,123ACE,R138,R293,128,34 St - Penn Station,318,40.750373,-73.991057
R139R031,34 ST-PENN STA,123,R139,R031,128,34 St - Penn Station,318,40.750373,-73.991057
R141R031,34 ST-PENN STA,123,R141,R031,128,34 St - Penn Station,318,40.750373,-73.991057
R142R293,34 ST-PENN STA,123ACE,R142,R293,128,34 St - Penn Station,318,40.750373,-73.991057
R143R032,TIMES SQ-42 ST,1237ACENQRSW,R143,R032,127,Times Sq - 42 St,317,40.75529,-73.987495
R145R032,TIMES SQ-42 ST,1237ACENQRSW,R145,R032,127,Times Sq - 42 St,317,40.75529,-73.987495
R147R033,TIMES SQ-42 ST,1237ACENQRS,R147,R033,127,Times Sq - 42 St,317,40.75529,-73.987495
R148R033,TIMES SQ-42 ST,1237ACENQRSW,R148,R033,725,Times Sq - 42 St,467,40.755477,-73.987691
R151R033,TIMES SQ-42 ST,1237ACENQRSW,R151,R033,725,Times Sq - 42 St,467,40.755477,-73.987691
R154R116,50 ST,1,R154,R116,126,50 St,316,40.761728,-73.983849
R155R116,50 ST,1,R155,R116,126,50 St,316,40.761728,-73.983849
R158R084,59 ST COLUMBUS,1ABCD,R158,R084,125,59 St - Columbus Circle,315,40.768247,-73.981929
R159R164,66 ST-LINCOLN,1,R159,R164,124,66 St - Lincoln Center,314,40.77344,-73.982209
R159R164,66 ST-LINCOLN,1,R159,R164,124,66 St - Lincoln Center,314,40.77344,-73.982209
R160AR164,66 ST-LINCOLN,1,R160A,R164,124,66 St - Lincoln Center,314,40.77344,-73.982209
R160R164,66 ST-LINCOLN,1,R160,R164,124,66 St - Lincoln Center,314,40.77344,-73.982209
R161AR452,72 ST,123,R161A,R452,123,72 St,313,40.778453,-73.98197
R161BR452,72 ST,123,R161B,R452,123,72 St,313,40.778453,-73.98197
R162R166,79 ST,1,R162,R166,122,79 St,312,40.783934,-73.979917
R163R166,79 ST,1,R163,R166,122,79 St,312,40.783934,-73.979917
R164R167,86 ST,1,R164,R167,121,86 St,311,40.788644,-73.976218
R165R167,86 ST,1,R165,R167,121,86 St,311,40.788644,-73.976218
R166R167,86 ST,1,R166,R167,121,86 St,311,40.788644,-73.976218
R168AR168,96 ST,123,R168A,R168,120,96 St,310,40.793919,-73.972323
R169R168,96 ST,123,R169,R168,120,96 St,310,40.793919,-73.972323
R169R168,96 ST,123,R169,R168,120,96 St,310,40.793919,-73.972323
R170R191,103 ST,1,R170,R191,119,103 St,309,40.799446,-73.968379
R171R192,CATHEDRAL PKWY,1,R171,R192,118,Cathedral Pkwy,308,40.803967,-73.966847
R172R192,CATHEDRAL PKWY,1,R172,R192,118,Cathedral Pkwy,308,40.803967,-73.966847
R173R159,116 ST-COLUMBIA,1,R173,R159,117,116 St - Columbia University,307,40.807722,-73.96411
R174R034,125 ST,1,R174,R034,116,125 St,306,40.815581,-73.958372
R175R169,137 ST CITY COL,1,R175,R169,115,137 St - City College,305,40.822008,-73.953676
R176R169,137 ST CITY COL,1,R176,R169,115,137 St - City College,305,40.822008,-73.953676
R177R273,145 ST,1,R177,R273,114,145 St,304,40.826551,-73.95036
R178R273,145 ST,1,R178,R273,114,145 St,304,40.826551,-73.95036
R179R193,157 ST,1,R179,R193,113,157 St,303,40.834041,-73.94489
R180R193,157 ST,1,R180,R193,113,157 St,303,40.834041,-73.94489
R182R035,168 ST,1AC,R182,R035,112,168 St - Washington Hts,302,40.840556,-73.940133
R183R260,181 ST,1,R183,R260,111,181 St,301,40.849505,-73.933596
R185R274,191 ST,1,R185,R274,110,191 St,300,40.855225,-73.929412
R186R036,DYCKMAN ST,1,R186,R036,109,Dyckman St,299,40.860531,-73.925536
R186R036,DYCKMAN ST,1,R186,R036,109,Dyckman St,299,40.860531,-73.925536
R188R037,207 ST,1,R188,R037,108,207 St,298,40.864621,-73.918822
R190R038,215 ST,1,R190,R038,107,215 St,297,40.869444,-73.915279
R192R039,MARBLE HILL-225,1,R192,R039,106,Marble Hill - 225 St,296,40.874561,-73.909831
R194R040,231 ST,1,R194,R040,104,231 St,295,40.878856,-73.904834
R196R306,238 ST,1,R196,R306,103,238 St,294,40.884667,-73.90087
R197R117,V.CORTLANDT PK,1,R197,R117,101,Van Cortlandt Park - 242 St,293,40.889248,-73.898583
R200AR041,BOWLING GREEN,45,R200A,R041,420,Bowling Green,414,40.704817,-74.014065
R201R041,BOWLING GREEN,45,R201,R041,420,Bowling Green,414,40.704817,-74.014065
R202R042,BOWLING GREEN,45,R202,R042,420,Bowling Green,414,40.704817,-74.014065
R203AR043,WALL ST,45,R203A,R043,419,Wall St,413,40.707557,-74.011862
R203AR043,WALL ST,45,R203A,R043,419,Wall St,413,40.707557,-74.011862
R203R043,WALL ST,45,R203,R043,419,Wall St,413,40.707557,-74.011862
R204AR043,WALL ST,45,R204A,R043,419,Wall St,413,40.707557,-74.011862
R204R043,WALL ST,45,R204,R043,419,Wall St,413,40.707557,-74.011862
R205AR014,FULTON ST,2345ACJZ,R205A,R014,229,Fulton St,332,40.709416,-74.006571
R206R014,FULTON ST,2345ACJZ,R206,R014,229,Fulton St,332,40.709416,-74.006571
R208R014,FULTON ST,2345ACJZ,R208,R014,229,Fulton St,332,40.709416,-74.006571
R210AR044,BROOKLYN BRIDGE,456JZ,R210A,R044,640,Brooklyn Bridge - City Hall,411,40.713065,-74.004131
R210R044,BROOKLYN BRIDGE,456JZ,R210,R044,640,Brooklyn Bridge - City Hall,411,40.713065,-74.004131
R215R322,SPRING ST,6,R215,R322,638,Spring St,409,40.722301,-73.997141
R216R322,SPRING ST,6,R216,R322,638,Spring St,409,40.722301,-73.997141
R217AR194,BLEECKER ST,6DF,R217A,R194,637,Bleecker St,408,40.725915,-73.994659
R219R160,ASTOR PL,6,R219,R160,636,Astor Pl,407,40.730054,-73.99107
R220R160,ASTOR PL,6,R220,R160,636,Astor Pl,407,40.730054,-73.99107
R221R170,14 ST-UNION SQ,456LNQRW,R221,R170,635,14 St - Union Sq,406,40.734673,-73.989951
R226AR131,23 ST,6,R226A,R131,634,23 St,405,40.739864,-73.986599
R226R131,23 ST,6,R226,R131,634,23 St,405,40.739864,-73.986599
R227AR131,23 ST,6,R227A,R131,634,23 St,405,40.739864,-73.986599
R227R131,23 ST,6,R227,R131,634,23 St,405,40.739864,-73.986599
R228R143,28 ST,6,R228,R143,633,28 St,404,40.74307,-73.984264
R229R143,28 ST,6,R229,R143,633,28 St,404,40.74307,-73.984264
R230R143,28 ST,6,R230,R143,633,28 St,404,40.74307,-73.984264
R231AR176,33 ST,6,R231A,R176,632,33 St,403,40.746081,-73.982076
R231R176,33 ST,6,R231,R176,632,33 St,403,40.746081,-73.982076
R232AR176,33 ST,6,R232A,R176,632,33 St,403,40.746081,-73.982076
R232R176,33 ST,6,R232,R176,632,33 St,403,40.746081,-73.982076
R236R045,GRD CNTRL-42 ST,4567S,R236,R045,631,Grand Central - 42 St,402,40.751776,-73.976848
R237BR047,GRD CNTRL-42 ST,4567S,R237B,R047,631,Grand Central - 42 St,402,40.751776,-73.976848
R237R046,GRD CNTRL-42 ST,4567S,R237,R046,631,Grand Central - 42 St,402,40.751776,-73.976848
R238AR046,GRD CNTRL-42 ST,4567S,R238A,R046,631,Grand Central - 42 St,402,40.751776,-73.976848
R238R046,GRD CNTRL-42 ST,4567S,R238,R046,631,Grand Central - 42 St,402,40.751776,-73.976848
R240R047,GRD CNTRL-42 ST,4567S,R240,R047,631,Grand Central - 42 St,402,40.751776,-73.976848
R241AR048,GRD CNTRL-42 ST,4567S,R241A,R048,631,Grand Central - 42 St,402,40.751776,-73.976848
R242AR049,51 ST,6,R242A,R049,630,51 St,401,40.757107,-73.97192
R242R049,51 ST,6,R242,R049,630,51 St,401,40.757107,-73.97192
R243R049,51 ST,6,R243,R049,630,51 St,401,40.757107,-73.97192
R244AR050,59 ST,456NQRW,R244A,R050,629,59 St,400,40.762526,-73.967967
R244R050,59 ST,456NQRW,R244,R050,629,59 St,400,40.762526,-73.967967
R245AR051,59 ST,456NQRW,R245A,R051,629,59 St,400,40.762526,-73.967967
R245R051,59 ST,456NQRW,R245,R051,629,59 St,400,40.762526,-73.967967
R246R177,68ST-HUNTER CO,6,R246,R177,628,68 St - Hunter College,399,40.768141,-73.96387
R246R177,68ST-HUNTER CO,6,R246,R177,628,68 St - Hunter College,399,40.768141,-73.96387
R247R178,77 ST,6,R247,R178,627,77 St,398,40.77362,-73.959874
R248R178,77 ST,6,R248,R178,627,77 St,398,40.77362,-73.959874
R249R179,86 ST,456,R249,R179,626,86 St,397,40.779492,-73.955589
R250R179,86 ST,456,R250,R179,626,86 St,397,40.779492,-73.955589
R251R144,96 ST,6,R251,R144,625,96 St,396,40.785672,-73.95107
R252R180,103 ST,6,R252,R180,624,103 St,395,40.7906,-73.947478
R253R181,110 ST,6,R253,R181,623,110 St,394,40.79502,-73.94425
R254R181,110 ST,6,R254,R181,623,110 St,394,40.79502,-73.94425
R256R182,116 ST,6,R256,R182,622,116 St,393,40.798629,-73.941617
R257R182,116 ST,6,R257,R182,622,116 St,393,40.798629,-73.941617
R258R132,125 ST,456,R258,R132,621,125 St,392,40.804138,-73.937594
R258R132,125 ST,456,R258,R132,621,125 St,392,40.804138,-73.937594
R259R307,138/GRAND CONC,45,R259,R307,416,138 St - Grand Concourse,391,40.813224,-73.929849
R260R205,149/GRAND CONC,245,R260,R205,222,149 St - Grand Concourse,435,40.81841,-73.926718
R261R205,149/GRAND CONC,245,R261,R205,222,149 St - Grand Concourse,435,40.81841,-73.926718
R262AR195,161/YANKEE STAD,4BD,R262A,R195,414,161 St - Yankee Stadium,389,40.827994,-73.925831
R262BR195,161/YANKEE STAD,4BD,R262B,R195,414,161 St - Yankee Stadium,389,40.827994,-73.925831
R262R195,161/YANKEE STAD,4BD,R262,R195,414,161 St - Yankee Stadium,389,40.827994,-73.925831
R283R221,167 ST,4,R283,R221,413,167 St,388,40.835537,-73.9214
R284R243,170 ST,4,R284,R243,412,170 St,387,40.840075,-73.917791
R285R308,MT EDEN AV,4,R285,R308,411,Mt Eden Av,386,40.844434,-73.914685
R286R309,176 ST,4,R286,R309,410,176 St,385,40.84848,-73.911794
R287R244,BURNSIDE AV,4,R287,R244,409,Burnside Av,384,40.853453,-73.907684
R288R275,183 ST,4,R288,R275,408,183 St,383,40.858407,-73.903879
R289R119,FORDHAM RD,4,R289,R119,407,Fordham Rd,382,40.862803,-73.901034
R290R161,KINGSBRIDGE RD,4,R290,R161,406,Kingsbridge Rd,381,40.86776,-73.897174
R291R183,BEDFORD PK BLVD,4,R291,R183,405,Bedford Park Blvd - Lehman College,380,40.873412,-73.890064
R293R133,MOSHOLU PKWY,4,R293,R133,402,Mosholu Pkwy,379,40.87975,-73.884655
R293R133,MOSHOLU PKWY,4,R293,R133,402,Mosholu Pkwy,379,40.87975,-73.884655
R294R052,WOODLAWN,4,R294,R052,401,Woodlawn,378,40.886037,-73.878751
R301R323,CENTRAL PK N110,23,R301,R323,227,Central Park North (110 St),441,40.799075,-73.951822
R302R324,116 ST,23,R302,R324,226,116 St,440,40.802098,-73.949625
R303R324,116 ST,23,R303,R324,226,116 St,440,40.802098,-73.949625
R304R206,125 ST,23,R304,R206,225,125 St,439,40.807754,-73.945495
R305R206,125 ST,23,R305,R206,225,125 St,439,40.807754,-73.945495
R306R207,135 ST,23,R306,R207,224,135 St,438,40.814229,-73.94077
R307R207,135 ST,23,R307,R207,224,135 St,438,40.814229,-73.94077
R308R344,145 ST,3,R308,R344,302,145 St,437,40.820421,-73.936245
R309R345,HARLEM 148 ST,3,R309,R345,301,Harlem - 148 St,436,40.82388,-73.93647
R310R053,3 AV-149 ST,25,R310,R053,221,3 Av - 149 St,434,40.816109,-73.917757
R311R053,3 AV-149 ST,25,R311,R053,221,3 Av - 149 St,434,40.816109,-73.917757
R312R405,JACKSON AV,25,R312,R405,220,Jackson Av,433,40.81649,-73.907807
R314R406,PROSPECT AV,25,R314,R406,219,Prospect Av,432,40.819585,-73.90177
R315R406,PROSPECT AV,25,R315,R406,219,Prospect Av,432,40.819585,-73.90177
R316R407,INTERVALE AV,25,R316,R407,218,Intervale Av,431,40.822181,-73.896736
R317R408,SIMPSON ST,25,R317,R408,217,Simpson St,430,40.824073,-73.893064
R318R408,SIMPSON ST,25,R318,R408,217,Simpson St,430,40.824073,-73.893064
R319R409,FREEMAN ST,25,R319,R409,216,Freeman St,429,40.829993,-73.891865
R320R409,FREEMAN ST,25,R320,R409,216,Freeman St,429,40.829993,-73.891865
R321R386,174 ST,25,R321,R386,215,174 St,428,40.837288,-73.887734
R322R386,174 ST,25,R322,R386,215,174 St,428,40.837288,-73.887734
R323R387,WEST FARMS SQ,25,R323,R387,214,West Farms Sq - E Tremont Av,427,40.840295,-73.880049
R325R388,E 180 ST,25,R325,R388,213,E 180 St,426,40.841894,-73.873488
R326R389,BRONX PARK EAST,25,R326,R389,212,Bronx Park East,425,40.848828,-73.868457
R327R361,PELHAM PKWY,25,R327,R361,211,Pelham Pkwy,424,40.857192,-73.867615
R328R361,PELHAM PKWY,25,R328,R361,211,Pelham Pkwy,424,40.857192,-73.867615
R329R362,ALLERTON AV,25,R329,R362,210,Allerton Av,423,40.865462,-73.867352
R330R363,BURKE AV,25,R330,R363,209,Burke Av,422,40.871356,-73.867164
R331R364,GUN HILL RD,25,R331,R364,208,Gun Hill Rd,421,40.87785,-73.866256
R332R365,219 ST,25,R332,R365,207,219 St,420,40.883895,-73.862633
R333R366,225 ST,25,R333,R366,206,225 St,419,40.888022,-73.860341
R334R367,233 ST,25,R334,R367,205,233 St,418,40.893193,-73.857473
R335R444,NEREID AV,25,R335,R444,204,Nereid Av,417,40.898379,-73.854376
R336R145,WAKEFIELD/241,2,R336,R145,201,Wakefield - 241 St,416,40.903125,-73.85062
R401R445,3 AV 138 ST,6,R401,R445,619,3 Av - 138 St,377,40.810476,-73.926138
R402R446,BROOK AV,6,R402,R446,618,Brook Av,376,40.807566,-73.91924
R403R446,BROOK AV,6,R403,R446,618,Brook Av,376,40.807566,-73.91924
R404R447,CYPRESS AV,6,R404,R447,617,Cypress Av,375,40.805368,-73.914042
R405R447,CYPRESS AV,6,R405,R447,617,Cypress Av,375,40.805368,-73.914042
R406R448,E 143/ST MARY'S,6,R406,R448,616,E 143 St - St Mary's St,374,40.808719,-73.907657
R407R448,E 143/ST MARY'S,6,R407,R448,616,E 143 St - St Mary's St,374,40.808719,-73.907657
R408R449,E 149 ST,6,R408,R449,615,E 149 St,373,40.812118,-73.904098
R409R449,E 149 ST,6,R409,R449,615,E 149 St,373,40.812118,-73.904098
R410R450,LONGWOOD AV,6,R410,R450,614,Longwood Av,372,40.816104,-73.896435
R411R450,LONGWOOD AV,6,R411,R450,614,Longwood Av,372,40.816104,-73.896435
R412R146,HUNTS POINT AV,6,R412,R146,613,Hunts Point Av,371,40.820948,-73.890549
R413R325,WHITLOCK AV,6,R413,R325,612,Whitlock Av,370,40.826525,-73.886283
R414R162,ELDER AV,6,R414,R162,611,Elder Av,369,40.828584,-73.879159
R415R120,MORISN AV/SNDVW,6,R415,R120,610,Morrison Av- Sound View,368,40.829521,-73.874516
R416R245,ST LAWRENCE AV,6,R416,R245,609,St Lawrence Av,367,40.831509,-73.867618
R417R222,PARKCHESTER,6,R417,R222,608,Parkchester,366,40.833226,-73.860816
R417R222,PARKCHESTER,6,R417,R222,608,Parkchester,366,40.833226,-73.860816
R418R106,CASTLE HILL AV,6,R418,R106,607,Castle Hill Av,365,40.834255,-73.851222
R419R326,ZEREGA AV,6,R419,R326,606,Zerega Av,364,40.836488,-73.847036
R420R107,WESTCHESTER SQ,6,R420,R107,604,Westchester Sq - E Tremont Av,363,40.839892,-73.842952
R421R427,MIDDLETOWN RD,6,R421,R427,603,Middletown Rd,362,40.843863,-73.836322
R422R428,BUHRE AV,6,R422,R428,602,Buhre Av,361,40.84681,-73.832569
R423R429,PELHAM BAY PARK,6,R423,R429,601,Pelham Bay Park,360,40.852462,-73.828121
R501R054,5 AVE,7BDFM,R501,R054,724,5 Av,466,40.753821,-73.981963
R503R276,VERNON-JACKSON,7,R503,R276,721,Vernon Blvd - Jackson Av,464,40.742626,-73.953581
R504R276,VERNON-JACKSON,7,R504,R276,721,Vernon Blvd - Jackson Av,464,40.742626,-73.953581
R506R276,VERNON-JACKSON,7,R506,R276,721,Vernon Blvd - Jackson Av,464,40.742626,-73.953581
R507R134,HUNTERS PT AV,7,R507,R134,720,Hunters Point Av,463,40.742216,-73.948916
R508R346,COURT SQ,7,R508,R346,719,Court Sq,462,40.747023,-73.945264
R509R121,QUEENSBORO PLZ,7NQW,R509,R121,718,Queensboro Plaza,461,40.750582,-73.940202
R510R090,39 AV,NQW,R510,R090,R08,39 Av,6,40.752882,-73.932755
R511R091,36 AV,NQW,R511,R091,R06,36 Av,5,40.756804,-73.929575
R512R092,BROADWAY,NQW,R512,R092,R05,Broadway,4,40.76182,-73.925508
R513R093,30 AV,NQW,R513,R093,R04,30 Av,3,40.766779,-73.921479
R514R094,ASTORIA BLVD,NQW,R514,R094,R03,Astoria Blvd,2,40.770258,-73.917843
R515R095,ASTORIA DITMARS,NQW,R515,R095,R01,Astoria - Ditmars Blvd,1,40.775036,-73.912034
R516R291,33 ST-RAWSON ST,7,R516,R291,716,33 St,460,40.744587,-73.930997
R517R291,33 ST-RAWSON ST,7,R517,R291,716,33 St,460,40.744587,-73.930997
R518R261,40 ST LOWERY ST,7,R518,R261,715,40 St,459,40.743781,-73.924016
R519R223,46 ST BLISS ST,7,R519,R223,714,46 St,458,40.743132,-73.918435
R520R223,46 ST BLISS ST,7,R520,R223,714,46 St,458,40.743132,-73.918435
R521R327,52 ST,7,R521,R327,713,52 St,457,40.744149,-73.912549
R523R147,61 ST WOODSIDE,7,R523,R147,712,Woodside - 61 St,456,40.74563,-73.902984
R524R347,69 ST,7,R524,R347,711,69 St,455,40.746325,-73.896403
R525R018,74 ST-BROADWAY,7EFMR,R525,R018,710,74 St - Broadway,454,40.746848,-73.891394
R526R096,82 ST-JACKSON H,7,R526,R096,709,82 St - Jackson Hts,453,40.747659,-73.883697
R527R122,90 ST-ELMHURST,7,R527,R122,708,90 St - Elmhurst Av,452,40.748408,-73.876613
R528R097,JUNCTION BLVD,7,R528,R097,707,Junction Blvd,451,40.749145,-73.869527
R529R208,103 ST-CORONA,7,R529,R208,706,103 St - Corona Plaza,450,40.749865,-73.8627
R530R310,111 ST,7,R530,R310,705,111 St,449,40.75173,-73.855334
R530R310,111 ST,7,R530,R310,705,111 St,449,40.75173,-73.855334
R532HR328,METS-WILLETS PT,7,R532H,R328,702,Mets - Willets Point,448,40.754622,-73.845625
R532R328,METS-WILLETS PT,7,R532,R328,702,Mets - Willets Point,448,40.754622,-73.845625
R533R055,FLUSHING-MAIN,7,R533,R055,701,Flushing - Main St,447,40.7596,-73.83003
R534R055,FLUSHING-MAIN,7,R534,R055,701,Flushing - Main St,447,40.7596,-73.83003
R550R072,34 ST-HUDSON YD,7,R550,R072,726,34 St - 11 Av,471,40.755882,-74.00191
R550R072,34 ST-HUDSON YD,7,R550,R072,726,34 St - 11 Av,471,40.755882,-74.00191
R551R072,34 ST-HUDSON YD,7,R551,R072,#N/A,#N/A,#N/A,#N/A,#N/A
R600R224,CLARK ST,23,R600,R224,231,Clark St,334,40.697466,-73.993086
R601AR108,BOROUGH HALL,2345R,R601A,R108,232,Borough Hall,335,40.693219,-73.989998
R602R108,BOROUGH HALL,2345R,R602,R108,232,Borough Hall,335,40.693219,-73.989998
R604R108,BOROUGH HALL,2345R,R604,R108,232,Borough Hall,335,40.693219,-73.989998
R605R456,HOYT ST,23,R605,R456,233,Hoyt St,336,40.690545,-73.985065
R606R225,HOYT ST,23,R606,R225,233,Hoyt St,336,40.690545,-73.985065
R608R056,NEVINS ST,2345,R608,R056,234,Nevins St,337,40.688246,-73.980492
R609R056,NEVINS ST,2345,R609,R056,234,Nevins St,337,40.688246,-73.980492
R610R057,ATL AV-BARCLAY,2345BDNQR,R610,R057,D24,Atlantic Av - Barclays Ctr,40,40.68446,-73.97689
R612R057,ATL AV-BARCLAY,BDNQR2345,R612,R057,D24,Atlantic Av - Barclays Ctr,40,40.68446,-73.97689
R617R058,BERGEN ST,23,R617,R058,236,Bergen St,339,40.680829,-73.975098
R618R058,BERGEN ST,23,R618,R058,236,Bergen St,339,40.680829,-73.975098
R619R059,GRAND ARMY PLAZ,23,R619,R059,237,Grand Army Plaza,340,40.675235,-73.971046
R621R060,EASTN PKWY-MUSM,23,R621,R060,238,Eastern Pkwy - Brooklyn Museum,341,40.671987,-73.964375
R622R123,FRANKLIN AV,2345S,R622,R123,239,Franklin Av,342,40.670682,-73.958131
R623R061,NOSTRAND AV,3,R623,R061,248,Nostrand Av,343,40.669847,-73.950466
R624R124,KINGSTON AV,3,R624,R124,249,Kingston Av,344,40.669399,-73.942161
R625R062,CROWN HTS-UTICA,34,R625,R062,250,Crown Hts - Utica Av,345,40.668897,-73.932942
R626R062,CROWN HTS-UTICA,34,R626,R062,250,Crown Hts - Utica Av,345,40.668897,-73.932942
R626R062,CROWN HTS-UTICA,34,R626,R062,250,Crown Hts - Utica Av,345,40.668897,-73.932942
R627R063,SUTTER AV-RUTLD,3,R627,R063,251,Sutter Av - Rutland Rd,346,40.664717,-73.92261
R628R064,SARATOGA AV,3,R628,R064,252,Saratoga Av,347,40.661453,-73.916327
R629R065,ROCKAWAY AV,3,R629,R065,253,Rockaway Av,348,40.662549,-73.908946
R630R066,JUNIUS ST,3,R630,R066,254,Junius St,349,40.663515,-73.902447
R632R067,PENNSYLVANIA AV,3,R632,R067,255,Pennsylvania Av,350,40.664635,-73.894895
R633R068,VAN SICLEN AV,3,R633,R068,256,Van Siclen Av,351,40.665449,-73.889395
R634R069,NEW LOTS AV,3,R634,R069,257,New Lots Av,352,40.666235,-73.884079
R635R277,PRESIDENT ST,25,R635,R277,241,President St,353,40.667883,-73.950683
R636R209,STERLING ST,25,R636,R209,242,Sterling St,354,40.662742,-73.95085
R637R451,WINTHROP ST,25,R637,R451,243,Winthrop St,355,40.656652,-73.9502
R639R109,CHURCH AV,25,R639,R109,244,Church Av,356,40.650843,-73.949575
R641R210,BEVERLY RD,25,R641,R210,245,Beverly Rd,357,40.645098,-73.948959
R643R135,NEWKIRK AV,25,R643,R135,246,Newkirk Av,358,40.639967,-73.948411
R644R135,NEWKIRK AV,25,R644,R135,246,Newkirk Av,358,40.639967,-73.948411
R645R110,FLATBUSH AV-B.C,25,R645,R110,247,Flatbush Av - Brooklyn College,359,40.632836,-73.947642
R646R110,FLATBUSH AV-B.C,25,R646,R110,247,Flatbush Av - Brooklyn College,359,40.632836,-73.947642
R646R110,FLATBUSH AV-B.C,25,R646,R110,247,Flatbush Av - Brooklyn College,359,40.632836,-73.947642
R647R110,FLATBUSH AV-B.C,25,R647,R110,247,Flatbush Av - Brooklyn College,359,40.632836,-73.947642
R726R329,MORRIS PARK,5,R726,R329,505,Morris Park,446,40.854364,-73.860495
R727R430,PELHAM PKWY,5,R727,R430,504,Pelham Pkwy,445,40.858985,-73.855359
R728R226,GUN HILL RD,5,R728,R226,503,Gun Hill Rd,444,40.869526,-73.846384
R729R292,BAYCHESTER AV,5,R729,R292,502,Baychester Av,443,40.878663,-73.838591
R730R431,EASTCHSTER/DYRE,5,R730,R431,501,Eastchester - Dyre Av,442,40.8883,-73.830834
S101AR070,ST. GEORGE,1,S101A,R070,S31,St George,501,40.643748,-74.073643
S101R070,ST. GEORGE,1,S101,R070,S31,St George,501,40.643748,-74.073643
S102R165,TOMPKINSVILLE,1,S102,R165,S30,Tompkinsville,502,40.636949,-74.074835
TRAM1R468,RIT-MANHATTAN,R,TRAM1,R468,NULL,#N/A,#N/A,#N/A,#N/A
TRAM2R469,RIT-ROOSEVELT,R,TRAM2,R469,NULL,#N/A,#N/A,#N/A,#N/A